Country,year,Age,nmxM,nmxF,nmxB,lxB,start_year,end_year,lx,Female,np20_period
India,2016,20,0.001155987,0.001002673,0.00108307,1000,2015,2017,1000,0,1
India,2016,20,0.001155987,0.001002673,0.00108307,1000,2015,2017,1000,1,1
India,2016,21,0.001250303,0.00104789,0.001153917,998.9175162,2015,2017,998.8446811,0,0.998844681
India,2016,21,0.001250303,0.00104789,0.001153917,998.9175162,2015,2017,998.9978291,1,0.998997829
India,2016,22,0.001353693,0.001097803,0.001231647,997.7655133,2015,2017,997.5966025,0,0.997596603
India,2016,22,0.001353693,0.001097803,0.001231647,997.7655133,2015,2017,997.9515375,1,0.997951537
India,2016,23,0.001458153,0.001147223,0.00130961,996.537375,2015,2017,996.2470761,0,0.996247076
India,2016,23,0.001458153,0.001147223,0.00130961,996.537375,2015,2017,996.856584,1,0.996856584
India,2016,24,0.001553143,0.001189967,0.001379407,995.2331537,2015,2017,994.7954534,0,0.994795453
India,2016,24,0.001553143,0.001189967,0.001379407,995.2331537,2015,2017,995.7136224,1,0.995713622
India,2016,25,0.001626163,0.001219323,0.001431303,993.8612687,2015,2017,993.2515924,0,0.993251592
India,2016,25,0.001626163,0.001219323,0.001431303,993.8612687,2015,2017,994.529461,1,0.994529461
India,2016,26,0.001675727,0.001234497,0.00146426,992.439769,2015,2017,991.6377153,0,0.991637715
India,2016,26,0.001675727,0.001234497,0.00146426,992.439769,2015,2017,993.3175469,1,0.993317547
India,2016,27,0.00171398,0.0012414,0.001487507,990.9876423,2015,2017,989.9773927,0,0.989977393
India,2016,27,0.00171398,0.0012414,0.001487507,990.9876423,2015,2017,992.0920561,1,0.992092056
India,2016,28,0.001755437,0.001246663,0.00151173,989.5146372,2015,2017,988.2820441,0,0.988282044
India,2016,28,0.001755437,0.001246663,0.00151173,989.5146372,2015,2017,990.861237,1,0.990861237
India,2016,29,0.001816147,0.0012571,0.00154843,988.019888,2015,2017,986.5486989,0,0.986548699
India,2016,29,0.001816147,0.0012571,0.00154843,988.019888,2015,2017,989.6267361,1,0.989626736
India,2016,30,0.00191443,0.001279683,0.001610493,986.4911919,2015,2017,984.7586074,0,0.984758607
India,2016,30,0.00191443,0.001279683,0.001610493,986.4911919,2015,2017,988.3834578,1,0.988383458
India,2016,31,0.002059333,0.001318027,0.001704403,984.9037327,2015,2017,982.8751588,0,0.982875159
India,2016,31,0.002059333,0.001318027,0.001704403,984.9037327,2015,2017,987.1194487,1,0.987119449
India,2016,32,0.002243427,0.001371007,0.001825743,983.2264889,2015,2017,980.8531732,0,0.980853173
India,2016,32,0.002243427,0.001371007,0.001825743,983.2264889,2015,2017,985.8192558,1,0.985819256
India,2016,33,0.002454833,0.00143728,0.00196763,981.4330069,2015,2017,978.6551666,0,0.978655167
India,2016,33,0.002454833,0.00143728,0.00196763,981.4330069,2015,2017,984.4686169,1,0.984468617
India,2016,34,0.002676,0.001515377,0.002120133,979.5038078,2015,2017,976.2556764,0,0.976255676
India,2016,34,0.002676,0.001515377,0.002120133,979.5038078,2015,2017,983.054676,1,0.983054676
India,2016,35,0.00288247,0.00160349,0.00226944,977.4293282,2015,2017,973.646707,0,0.973646707
India,2016,35,0.00288247,0.00160349,0.00226944,977.4293282,2015,2017,981.5661057,1,0.981566106
India,2016,36,0.0030587,0.00170054,0.00240687,975.2136252,2015,2017,970.8442386,0,0.970844239
India,2016,36,0.0030587,0.00170054,0.00240687,975.2136252,2015,2017,979.9934352,1,0.979993435
India,2016,37,0.00321547,0.00180724,0.002538583,972.8692341,2015,2017,967.8792518,0,0.967879252
India,2016,37,0.00321547,0.00180724,0.002538583,972.8692341,2015,2017,978.3283329,1,0.978328333
India,2016,38,0.00337049,0.001924613,0.002674523,970.4026553,2015,2017,964.7720607,0,0.964772061
India,2016,38,0.00337049,0.001924613,0.002674523,970.4026553,2015,2017,976.561855,1,0.976561855
India,2016,39,0.003545577,0.002053803,0.0028265,967.8107568,2015,2017,961.5257769,0,0.961525777
India,2016,39,0.003545577,0.002053803,0.0028265,967.8107568,2015,2017,974.684158,1,0.974684158
India,2016,40,0.003767263,0.00219609,0.00300868,965.0791002,2015,2017,958.1226466,0,0.958122647
India,2016,40,0.003767263,0.00219609,0.00300868,965.0791002,2015,2017,972.684402,1,0.972684402
India,2016,41,0.00405557,0.00235322,0.00323215,962.1798475,2015,2017,954.5199324,0,0.954519932
India,2016,41,0.00405557,0.00235322,0.00323215,962.1798475,2015,2017,970.5506425,1,0.970550642
India,2016,42,0.00440403,0.002527973,0.00349495,959.0749557,2015,2017,950.6566439,0,0.950656644
India,2016,42,0.00440403,0.002527973,0.00349495,959.0749557,2015,2017,968.2694074,1,0.968269407
India,2016,43,0.004798093,0.002723783,0.003791283,955.7288838,2015,2017,946.4791225,0,0.946479123
India,2016,43,0.004798093,0.002723783,0.003791283,955.7288838,2015,2017,965.8247382,1,0.965824738
India,2016,44,0.00521616,0.00294477,0.004111993,952.1123006,2015,2017,941.9486961,0,0.941948696
India,2016,44,0.00521616,0.00294477,0.004111993,952.1123006,2015,2017,963.1976187,1,0.963197619
India,2016,45,0.005627777,0.003195967,0.00444389,948.205254,2015,2017,937.048122,0,0.937048122
India,2016,45,0.005627777,0.003195967,0.00444389,948.205254,2015,2017,960.3653934,1,0.960365393
India,2016,46,0.00600798,0.003483547,0.004777283,944.0008761,2015,2017,931.7894219,0,0.931789422
India,2016,46,0.00600798,0.003483547,0.004777283,944.0008761,2015,2017,957.3009945,1,0.957300994
India,2016,47,0.006373423,0.003815197,0.005124697,939.5018629,2015,2017,926.2080162,0,0.926208016
India,2016,47,0.006373423,0.003815197,0.005124697,939.5018629,2015,2017,953.9719901,1,0.95397199
India,2016,48,0.006756173,0.004200373,0.005507323,934.6995062,2015,2017,920.3236521,0,0.920323652
India,2016,48,0.006756173,0.004200373,0.005507323,934.6995062,2015,2017,950.339329,1,0.950339329
India,2016,49,0.007196837,0.00465083,0.005951737,929.5659499,2015,2017,914.1267198,0,0.91412672
India,2016,49,0.007196837,0.00465083,0.005951737,929.5659499,2015,2017,946.355915,1,0.946355915
India,2016,50,0.007746773,0.00518126,0.00649133,924.0498334,2015,2017,907.5714876,0,0.907571488
India,2016,50,0.007746773,0.00518126,0.00649133,924.0498334,2015,2017,941.9647857,1,0.941964786
India,2016,51,0.008458443,0.005806193,0.007159877,918.0709265,2015,2017,900.5678647,0,0.900567865
India,2016,51,0.008458443,0.005806193,0.007159877,918.0709265,2015,2017,937.0968323,1,0.937096832
India,2016,52,0.00933679,0.006524687,0.00795926,911.5210998,2015,2017,892.9825425,0,0.892982542
India,2016,52,0.00933679,0.006524687,0.00795926,911.5210998,2015,2017,931.6716168,1,0.931671617
India,2016,53,0.01036602,0.007324567,0.00887527,904.2948243,2015,2017,884.6836943,0,0.884683694
India,2016,53,0.01036602,0.007324567,0.00887527,904.2948243,2015,2017,925.6125183,1,0.925612518
India,2016,54,0.011515807,0.00818244,0.00988079,896.3044221,2015,2017,875.5603319,0,0.875560332
India,2016,54,0.011515807,0.00818244,0.00988079,896.3044221,2015,2017,918.8575464,1,0.918857546
India,2016,55,0.012734893,0.009060787,0.010931033,887.4917643,2015,2017,865.5352717,0,0.865535272
India,2016,55,0.012734893,0.009060787,0.010931033,887.4917643,2015,2017,911.3696841,1,0.911369684
India,2016,56,0.013958837,0.00991636,0.011971607,877.8432961,2015,2017,854.5825135,0,0.854582513
India,2016,56,0.013958837,0.00991636,0.011971607,877.8432961,2015,2017,903.1491998,1,0.9031492
India,2016,57,0.015173647,0.010751817,0.012996407,867.3966331,2015,2017,842.736216,0,0.842736216
India,2016,57,0.015173647,0.010751817,0.012996407,867.3966331,2015,2017,894.2374334,1,0.894237433
India,2016,58,0.016393147,0.011598063,0.014027553,856.1963753,2015,2017,830.0451196,0,0.83004512
India,2016,58,0.016393147,0.011598063,0.014027553,856.1963753,2015,2017,884.6741677,1,0.884674168
India,2016,59,0.017640607,0.012499613,0.015098673,844.2696861,2015,2017,816.5486926,0,0.816548693
India,2016,59,0.017640607,0.012499613,0.015098673,844.2696861,2015,2017,874.4728186,1,0.874472819
India,2016,60,0.018949147,0.013515903,0.0162559,831.6178469,2015,2017,802.2702188,0,0.802270219
India,2016,60,0.018949147,0.013515903,0.0162559,831.6178469,2015,2017,863.6101362,1,0.863610136
India,2016,61,0.020360447,0.014716977,0.017555243,818.2081438,2015,2017,787.2105665,0,0.787210567
India,2016,61,0.020360447,0.014716977,0.017555243,818.2081438,2015,2017,852.0160175,1,0.852016018
India,2016,62,0.021910117,0.01613093,0.019029107,803.969284,2015,2017,771.3441316,0,0.771344132
India,2016,62,0.021910117,0.01613093,0.019029107,803.969284,2015,2017,839.5685125,1,0.839568513
India,2016,63,0.023634233,0.017759487,0.020696983,788.8146563,2015,2017,754.6270285,0,0.754627029
India,2016,63,0.023634233,0.017759487,0.020696983,788.8146563,2015,2017,826.1338484,1,0.826133848
India,2016,64,0.025577337,0.019597117,0.022578567,772.6557924,2015,2017,737.0002944,0,0.737000294
India,2016,64,0.025577337,0.019597117,0.022578567,772.6557924,2015,2017,811.5912697,1,0.81159127
India,2016,65,0.027794763,0.0216274,0.024693097,755.4050802,2015,2017,718.3878186,0,0.718387819
India,2016,65,0.027794763,0.0216274,0.024693097,755.4050802,2015,2017,795.8407533,1,0.795840753
India,2016,66,0.030350143,0.023822437,0.027053933,736.9792845,2015,2017,698.6940904,0,0.69869409
India,2016,66,0.030350143,0.023822437,0.027053933,736.9792845,2015,2017,778.8129208,1,0.778812921
India,2016,67,0.03325956,0.02617354,0.02965448,717.3071997,2015,2017,677.8056088,0,0.677805609
India,2016,67,0.03325956,0.02617354,0.02965448,717.3071997,2015,2017,760.4780895,1,0.76047809
India,2016,68,0.036493033,0.02868904,0.03248299,696.3466153,2015,2017,655.6308538,0,0.655630854
India,2016,68,0.036493033,0.02868904,0.03248299,696.3466153,2015,2017,740.8308053,1,0.740830805
India,2016,69,0.039995813,0.031378593,0.035526247,674.0886971,2015,2017,632.1336376,0,0.632133638
India,2016,69,0.039995813,0.031378593,0.035526247,674.0886971,2015,2017,719.8776438,1,0.719877644
India,2016,70,0.043681973,0.034253137,0.03875835,650.5588198,2015,2017,607.3466269,0,0.607346627
India,2016,70,0.043681973,0.034253137,0.03875835,650.5588198,2015,2017,697.6378231,1,0.697637823
India,2016,71,0.047436873,0.037325967,0.04212893,625.8235819,2015,2017,581.3835862,0,0.581383586
India,2016,71,0.047436873,0.037325967,0.04212893,625.8235819,2015,2017,674.1439095,1,0.67414391
India,2016,72,0.051233793,0.04062475,0.04563048,600.0022173,2015,2017,554.4435424,0,0.554443542
India,2016,72,0.051233793,0.04062475,0.04563048,600.0022173,2015,2017,649.4418505,1,0.649441851
India,2016,73,0.055149013,0.04419419,0.04932306,573.2345391,2015,2017,526.7468011,0,0.526746801
India,2016,73,0.055149013,0.04419419,0.04932306,573.2345391,2015,2017,623.5836786,1,0.623583679
India,2016,74,0.05929203,0.04809101,0.0532902,545.6413478,2015,2017,498.476767,0,0.498476767
India,2016,74,0.05929203,0.04809101,0.0532902,545.6413478,2015,2017,596.6207064,1,0.596620706
India,2016,75,0.063807197,0.05238607,0.057639037,517.3186718,2015,2017,469.7720481,0,0.469772048
India,2016,75,0.063807197,0.05238607,0.057639037,517.3186718,2015,2017,568.60233,1,0.56860233
India,2016,76,0.06887494,0.057165707,0.06249846,488.3361833,2015,2017,440.7239495,0,0.440723949
India,2016,76,0.06887494,0.057165707,0.06249846,488.3361833,2015,2017,539.575782,1,0.539575782
India,2016,77,0.07459313,0.062490797,0.06794725,458.7407581,2015,2017,411.3796571,0,0.411379657
India,2016,77,0.07459313,0.062490797,0.06794725,458.7407581,2015,2017,509.5876961,1,0.509587696
India,2016,78,0.080934543,0.068379933,0.073986993,428.5947542,2015,2017,381.7968962,0,0.381796896
India,2016,78,0.080934543,0.068379933,0.073986993,428.5947542,2015,2017,478.7080033,1,0.478708003
India,2016,79,0.087838197,0.074839387,0.080597273,398.0155487,2015,2017,352.0981654,0,0.352098165
India,2016,79,0.087838197,0.074839387,0.080597273,398.0155487,2015,2017,447.0561575,1,0.447056158
India,2016,80,0.095206083,0.0818611,0.087729297,367.1792418,2015,2017,322.4716666,0,0.322471667
India,2016,80,0.095206083,0.0818611,0.087729297,367.1792418,2015,2017,414.8055565,1,0.414805557
India,2016,81,0.102898297,0.08941976,0.095304437,336.3204742,2015,2017,293.1654665,0,0.293165466
India,2016,81,0.102898297,0.08941976,0.095304437,336.3204742,2015,2017,382.1843224,1,0.382184322
India,2016,82,0.110852653,0.097514403,0.10329878,305.7255566,2015,2017,264.4753228,0,0.264475323
India,2016,82,0.110852653,0.097514403,0.10329878,305.7255566,2015,2017,349.4720536,1,0.349472054
India,2016,83,0.119169007,0.10619977,0.11179276,275.695513,2015,2017,236.6971724,0,0.236697172
India,2016,83,0.119169007,0.10619977,0.11179276,275.695513,2015,2017,316.9778226,1,0.316977823
India,2016,84,0.12799357,0.115546033,0.120892737,246.5063208,2015,2017,210.0763915,0,0.210076391
India,2016,84,0.12799357,0.115546033,0.120892737,246.5063208,2015,2017,285.0122206,1,0.285012221
India,2016,85,0.1375144,0.12563738,0.13072534,218.4041701,2015,2017,184.8052368,0,0.184805237
India,2016,85,0.1375144,0.12563738,0.13072534,218.4041701,2015,2017,253.8788573,1,0.253878857
India,2016,86,0.147967443,0.136574217,0.141445963,191.6048836,2015,2017,161.0267947,0,0.161026795
India,2016,86,0.147967443,0.136574217,0.141445963,191.6048836,2015,2017,223.8674596,1,0.22386746
India,2016,87,0.159512513,0.148439463,0.153166307,166.2932598,2015,2017,138.8414276,0,0.138841428
India,2016,87,0.159512513,0.148439463,0.153166307,166.2932598,2015,2017,195.247323,1,0.195247323
India,2016,88,0.172091617,0.161258107,0.165870183,142.6345908,2015,2017,118.3303678,0,0.118330368
India,2016,88,0.172091617,0.161258107,0.165870183,142.6345908,2015,2017,168.2673607,1,0.168267361
India,2016,89,0.18557776,0.175036233,0.179503037,120.7876437,2015,2017,99.58008664,0,0.099580087
India,2016,89,0.18557776,0.175036233,0.179503037,120.7876437,2015,2017,143.1574713,1,0.143157471
India,2016,90,0.199782607,0.18976246,0.19398142,100.8915954,2015,2017,82.66936422,0,0.082669364
India,2016,90,0.199782607,0.18976246,0.19398142,100.8915954,2015,2017,120.116251,1,0.120116251
China,2016,20,0.00070918,0.000458713,0.00059251,1000,2015,2017,1000,0,1
China,2016,20,0.00070918,0.000458713,0.00059251,1000,2015,2017,1000,1,1
China,2016,21,0.000769453,0.00049482,0.00064117,999.4076655,2015,2017,999.2910714,0,0.999291071
China,2016,21,0.000769453,0.00049482,0.00064117,999.4076655,2015,2017,999.5413919,1,0.999541392
China,2016,22,0.00082761,0.000524733,0.00068569,998.7670806,2015,2017,998.5224592,0,0.998522459
China,2016,22,0.00082761,0.000524733,0.00068569,998.7670806,2015,2017,999.0469211,1,0.999046921
China,2016,23,0.000876373,0.000543797,0.000720007,998.0824707,2015,2017,997.6964139,0,0.997696414
China,2016,23,0.000876373,0.000543797,0.000720007,998.0824707,2015,2017,998.5228254,1,0.998522825
China,2016,24,0.000913013,0.000554837,0.00074401,997.3641033,2015,2017,996.8224423,0,0.996822442
China,2016,24,0.000913013,0.000554837,0.00074401,997.3641033,2015,2017,997.9799796,1,0.99797998
China,2016,25,0.000934213,0.000556447,0.000755333,996.6223304,2015,2017,995.9127454,0,0.995912745
China,2016,25,0.000934213,0.000556447,0.000755333,996.6223304,2015,2017,997.4264173,1,0.997426417
China,2016,26,0.000947937,0.00055706,0.00076219,995.8698325,2015,2017,994.9827848,0,0.994982785
China,2016,26,0.000947937,0.00055706,0.00076219,995.8698325,2015,2017,996.8715571,1,0.996871557
China,2016,27,0.000961297,0.000558677,0.00076932,995.1110797,2015,2017,994.040051,0,0.994040051
China,2016,27,0.000961297,0.000558677,0.00076932,995.1110797,2015,2017,996.3163944,1,0.996316394
China,2016,28,0.000979363,0.000564823,0.000781037,994.3458152,2015,2017,993.0849427,0,0.993084943
China,2016,28,0.000979363,0.000564823,0.000781037,994.3458152,2015,2017,995.7599311,1,0.995759931
China,2016,29,0.00100094,0.00057253,0.000795317,993.5694978,2015,2017,992.1128277,0,0.992112828
China,2016,29,0.00100094,0.00057253,0.000795317,993.5694978,2015,2017,995.1976615,1,0.995197661
China,2016,30,0.00102649,0.00058285,0.00081292,992.7796095,2015,2017,991.1202791,0,0.991120279
China,2016,30,0.00102649,0.00058285,0.00081292,992.7796095,2015,2017,994.628044,1,0.994628044
China,2016,31,0.00105349,0.000595837,0.00083258,991.972887,2015,2017,990.1034259,0,0.990103426
China,2016,31,0.00105349,0.000595837,0.00083258,991.972887,2015,2017,994.048494,1,0.994048494
China,2016,32,0.001079623,0.000611277,0.000853013,991.1473339,2015,2017,989.060911,0,0.989060911
China,2016,32,0.001079623,0.000611277,0.000853013,991.1473339,2015,2017,993.4563798,1,0.99345638
China,2016,33,0.00110495,0.00062814,0.00087379,990.3022325,2015,2017,987.9936739,0,0.987993674
China,2016,33,0.00110495,0.00062814,0.00087379,990.3022325,2015,2017,992.8492887,1,0.992849289
China,2016,34,0.001136107,0.00064954,0.000899823,989.4372942,2015,2017,986.902593,0,0.986902593
China,2016,34,0.001136107,0.00064954,0.000899823,989.4372942,2015,2017,992.2258361,1,0.992225836
China,2016,35,0.001181277,0.000678543,0.00093681,988.5473758,2015,2017,985.782003,0,0.985782003
China,2016,35,0.001181277,0.000678543,0.00093681,988.5473758,2015,2017,991.581555,1,0.991581555
China,2016,36,0.001248747,0.000718253,0.000990463,987.6217283,2015,2017,984.6182091,0,0.984618209
China,2016,36,0.001248747,0.000718253,0.000990463,987.6217283,2015,2017,990.9089522,1,0.990908952
China,2016,37,0.001346203,0.000770603,0.001065637,986.6440094,2015,2017,983.3894376,0,0.983389438
China,2016,37,0.001346203,0.000770603,0.001065637,986.6440094,2015,2017,990.197484,1,0.990197484
China,2016,38,0.00147935,0.00083676,0.00116578,985.5931653,2015,2017,982.0664859,0,0.982066486
China,2016,38,0.00147935,0.00083676,0.00116578,985.5931653,2015,2017,989.4347284,1,0.989434728
China,2016,39,0.00165245,0.000917247,0.001293267,984.4448498,2015,2017,980.6147397,0,0.98061474
China,2016,39,0.00165245,0.000917247,0.001293267,984.4448498,2015,2017,988.6071553,1,0.988607155
China,2016,40,0.001863053,0.001012213,0.001446857,983.1725228,2015,2017,978.9956606,0,0.978995661
China,2016,40,0.001863053,0.001012213,0.001446857,983.1725228,2015,2017,987.7007743,1,0.987700774
China,2016,41,0.00210098,0.001116383,0.0016187,981.7510414,2015,2017,977.1734369,0,0.977173437
China,2016,41,0.00210098,0.001116383,0.0016187,981.7510414,2015,2017,986.7015162,1,0.986701516
China,2016,42,0.002351107,0.00122184,0.001797203,980.1631662,2015,2017,975.1225695,0,0.975122569
China,2016,42,0.002351107,0.00122184,0.001797203,980.1631662,2015,2017,985.6005936,1,0.985600594
China,2016,43,0.002585133,0.001316507,0.001962027,978.4031952,2015,2017,972.8326442,0,0.972832644
China,2016,43,0.002585133,0.001316507,0.001962027,978.4031952,2015,2017,984.3970826,1,0.984397083
China,2016,44,0.002804293,0.00140028,0.002113693,976.4854234,2015,2017,970.3209886,0,0.970320989
China,2016,44,0.002804293,0.00140028,0.002113693,976.4854234,2015,2017,983.1019698,1,0.98310197
China,2016,45,0.00301321,0.001484333,0.002260013,974.4236117,2015,2017,967.6037339,0,0.967603734
China,2016,45,0.00301321,0.001484333,0.002260013,974.4236117,2015,2017,981.7263149,1,0.981726315
China,2016,46,0.003249947,0.001585057,0.002428387,972.223887,2015,2017,964.6925267,0,0.964692527
China,2016,46,0.003249947,0.001585057,0.002428387,972.223887,2015,2017,980.2701865,1,0.980270186
China,2016,47,0.00353511,0.001714747,0.002635433,969.8658146,2015,2017,961.5624138,0,0.961562414
China,2016,47,0.00353511,0.001714747,0.002635433,969.8658146,2015,2017,978.7176331,1,0.978717633
China,2016,48,0.003896183,0.001883823,0.002900223,967.3131616,2015,2017,958.1691826,0,0.958169183
China,2016,48,0.003896183,0.001883823,0.002900223,967.3131616,2015,2017,977.040818,1,0.977040818
China,2016,49,0.004347,0.002097943,0.003232457,964.5117997,2015,2017,954.4432383,0,0.954443238
China,2016,49,0.004347,0.002097943,0.003232457,964.5117997,2015,2017,975.2019777,1,0.975201978
China,2016,50,0.004880183,0.002355023,0.003627183,961.399088,2015,2017,950.3032718,0,0.950303272
China,2016,50,0.004880183,0.002355023,0.003627183,961.399088,2015,2017,973.1582031,1,0.973158203
China,2016,51,0.005457237,0.002628553,0.004051583,957.9182301,2015,2017,945.6769063,0,0.945676906
China,2016,51,0.005457237,0.002628553,0.004051583,957.9182301,2015,2017,970.8690883,1,0.970869088
China,2016,52,0.006003997,0.002881993,0.004450037,954.0449909,2015,2017,940.5301671,0,0.940530167
China,2016,52,0.006003997,0.002881993,0.004450037,954.0449909,2015,2017,968.3204567,1,0.968320457
China,2016,53,0.00645829,0.003080833,0.004773923,949.8088811,2015,2017,934.9001285,0,0.934900129
China,2016,53,0.00645829,0.003080833,0.004773923,949.8088811,2015,2017,965.5337792,1,0.965533779
China,2016,54,0.006827583,0.003228673,0.005028547,945.2853638,2015,2017,928.8817067,0,0.928881707
China,2016,54,0.006827583,0.003228673,0.005028547,945.2853638,2015,2017,962.5637057,1,0.962563706
China,2016,55,0.007191063,0.003368773,0.005275797,940.5438737,2015,2017,922.5612661,0,0.922561266
China,2016,55,0.007191063,0.003368773,0.005275797,940.5438737,2015,2017,959.4609109,1,0.959460911
China,2016,56,0.00763943,0.00354975,0.005585817,935.5948105,2015,2017,915.9508376,0,0.915950838
China,2016,56,0.00763943,0.00354975,0.005585817,935.5948105,2015,2017,956.2341397,1,0.95623414
China,2016,57,0.00826182,0.00381826,0.00602609,930.3833047,2015,2017,908.9801215,0,0.908980121
China,2016,57,0.00826182,0.00381826,0.00602609,930.3833047,2015,2017,952.8457615,1,0.952845762
China,2016,58,0.009138903,0.004211073,0.006653197,924.7935733,2015,2017,901.5011861,0,0.901501186
China,2016,58,0.009138903,0.004211073,0.006653197,924.7935733,2015,2017,949.2144812,1,0.949214481
China,2016,59,0.010319803,0.004748473,0.007499507,918.6611399,2015,2017,893.2999292,0,0.893299929
China,2016,59,0.010319803,0.004748473,0.007499507,918.6611399,2015,2017,945.225668,1,0.945225668
China,2016,60,0.011765583,0.005420933,0.008539987,911.797372,2015,2017,884.1285729,0,0.884128573
China,2016,60,0.011765583,0.005420933,0.008539987,911.797372,2015,2017,940.7479204,1,0.94074792
China,2016,61,0.013436907,0.006209683,0.00974478,904.0437426,2015,2017,873.7871211,0,0.873787121
China,2016,61,0.013436907,0.006209683,0.00974478,904.0437426,2015,2017,935.6619739,1,0.935661974
China,2016,62,0.015215497,0.007069207,0.01103237,895.2767514,2015,2017,862.12448,0,0.86212448
China,2016,62,0.015215497,0.007069207,0.01103237,895.2767514,2015,2017,929.8697932,1,0.929869793
China,2016,63,0.016950393,0.007952897,0.012306107,885.4539116,2015,2017,849.1058702,0,0.84910587
China,2016,63,0.016950393,0.007952897,0.012306107,885.4539116,2015,2017,923.3195041,1,0.923319504
China,2016,64,0.018474087,0.008809327,0.013460467,874.624058,2015,2017,834.8341474,0,0.834834147
China,2016,64,0.018474087,0.008809327,0.013460467,874.624058,2015,2017,916.0055232,1,0.916005523
China,2016,65,0.019826887,0.009663917,0.014538557,862.9299143,2015,2017,819.5525062,0,0.819552506
China,2016,65,0.019826887,0.009663917,0.014538557,862.9299143,2015,2017,907.9715184,1,0.907971518
China,2016,66,0.021707967,0.01097404,0.01612455,850.4746993,2015,2017,803.4628355,0,0.803462836
China,2016,66,0.021707967,0.01097404,0.01612455,850.4746993,2015,2017,899.2391517,1,0.899239152
China,2016,67,0.023618653,0.01241399,0.01781331,836.8708554,2015,2017,786.2085686,0,0.786208569
China,2016,67,0.023618653,0.01241399,0.01781331,836.8708554,2015,2017,889.4247173,1,0.889424717
China,2016,68,0.02585106,0.01407922,0.019775593,822.0950187,2015,2017,767.8561111,0,0.767856111
China,2016,68,0.02585106,0.01407922,0.019775593,822.0950187,2015,2017,878.4515183,1,0.878451518
China,2016,69,0.02795161,0.01553305,0.021537203,805.9967781,2015,2017,748.2595132,0,0.748259513
China,2016,69,0.02795161,0.01553305,0.021537203,805.9967781,2015,2017,866.1700628,1,0.866170063
China,2016,70,0.030754687,0.01729678,0.023771063,788.8228013,2015,2017,727.632731,0,0.727632731
China,2016,70,0.030754687,0.01729678,0.023771063,788.8228013,2015,2017,852.8194875,1,0.852819487
China,2016,71,0.03413725,0.019366043,0.026429983,770.2918942,2015,2017,705.5935188,0,0.705593519
China,2016,71,0.03413725,0.019366043,0.026429983,770.2918942,2015,2017,838.1949353,1,0.838194935
China,2016,72,0.037955563,0.021714437,0.02944379,750.1986247,2015,2017,681.9107291,0,0.681910729
China,2016,72,0.037955563,0.021714437,0.02944379,750.1986247,2015,2017,822.1180883,1,0.822118088
China,2016,73,0.042076937,0.024324433,0.032723113,728.4304034,2015,2017,656.510464,0,0.656510464
China,2016,73,0.042076937,0.024324433,0.032723113,728.4304034,2015,2017,804.4579966,1,0.804457997
China,2016,74,0.046414803,0.027187883,0.036216537,704.9776168,2015,2017,629.4557054,0,0.629455705
China,2016,74,0.046414803,0.027187883,0.036216537,704.9776168,2015,2017,785.125142,1,0.785125142
China,2016,75,0.05109116,0.030415327,0.04004992,679.8998834,2015,2017,600.9022932,0,0.600902293
China,2016,75,0.05109116,0.030415327,0.04004992,679.8998834,2015,2017,764.0655344,1,0.764065534
China,2016,76,0.056030107,0.03397595,0.044178783,653.2045211,2015,2017,570.966232,0,0.570966232
China,2016,76,0.056030107,0.03397595,0.044178783,653.2045211,2015,2017,741.1743529,1,0.741174353
China,2016,77,0.061655577,0.03813398,0.04892655,624.9704143,2015,2017,539.8467471,0,0.539846747
China,2016,77,0.061655577,0.03813398,0.04892655,624.9704143,2015,2017,716.4128972,1,0.716412897
China,2016,78,0.06829634,0.04310098,0.05452248,595.1229352,2015,2017,507.557588,0,0.507557588
China,2016,78,0.06829634,0.04310098,0.05452248,595.1229352,2015,2017,689.6043798,1,0.68960438
China,2016,79,0.076159383,0.04902684,0.061095993,563.5364438,2015,2017,474.0378985,0,0.474037898
China,2016,79,0.076159383,0.04902684,0.061095993,563.5364438,2015,2017,660.5087797,1,0.66050878
China,2016,80,0.085367963,0.056003807,0.068765,530.1272101,2015,2017,439.2598036,0,0.439259804
China,2016,80,0.085367963,0.056003807,0.068765,530.1272101,2015,2017,628.9009377,1,0.628900938
China,2016,81,0.095844003,0.064003903,0.077547393,494.8847368,2015,2017,403.2961603,0,0.40329616
China,2016,81,0.095844003,0.064003903,0.077547393,494.8847368,2015,2017,594.6394773,1,0.594639477
China,2016,82,0.107376307,0.072866317,0.08727499,457.9401921,2015,2017,366.4102866,0,0.366410287
China,2016,82,0.107376307,0.072866317,0.08727499,457.9401921,2015,2017,557.7604311,1,0.557760431
China,2016,83,0.119767967,0.082422187,0.097726473,419.6445905,2015,2017,329.0711715,0,0.329071171
China,2016,83,0.119767967,0.082422187,0.097726473,419.6445905,2015,2017,518.5471467,1,0.518547147
China,2016,84,0.13287262,0.092497423,0.108677623,380.5447494,2015,2017,291.8857948,0,0.291885795
China,2016,84,0.13287262,0.092497423,0.108677623,380.5447494,2015,2017,477.4989961,1,0.477498996
China,2016,85,0.14682945,0.103063133,0.120147417,341.3195037,2015,2017,255.5182875,0,0.255518288
China,2016,85,0.14682945,0.103063133,0.120147417,341.3195037,2015,2017,435.2839604,1,0.43528396
China,2016,86,0.162016217,0.114273413,0.132362493,302.6347818,2015,2017,220.5666433,0,0.220566643
China,2016,86,0.162016217,0.114273413,0.132362493,302.6347818,2015,2017,392.6207344,1,0.392620734
China,2016,87,0.179016383,0.126459047,0.145726713,265.063783,2015,2017,187.5091918,0,0.187509192
China,2016,87,0.179016383,0.126459047,0.145726713,265.063783,2015,2017,350.1795712,1,0.350179571
China,2016,88,0.1985885,0.140127313,0.1608076,229.0602476,2015,2017,156.6996783,0,0.156699678
China,2016,88,0.1985885,0.140127313,0.1608076,229.0602476,2015,2017,308.5296981,1,0.308529698
China,2016,89,0.22141023,0.155939057,0.178149397,194.966857,2015,2017,128.3917398,0,0.12839174
China,2016,89,0.22141023,0.155939057,0.178149397,194.966857,2015,2017,268.1270198,1,0.26812702
China,2016,90,0.248114757,0.174798377,0.198402247,163.0744368,2015,2017,102.7978677,0,0.102797868
China,2016,90,0.248114757,0.174798377,0.198402247,163.0744368,2015,2017,229.3397689,1,0.229339769
US,2016,20,0.001173333,0.000423333,0.000811513,1000,2015,2017,1000,0,1
US,2016,20,0.001173333,0.000423333,0.000811513,1000,2015,2017,1000,1,1
US,2016,21,0.001316667,0.000476667,0.000911747,999.1888158,2015,2017,998.8273546,0,0.998827355
US,2016,21,0.001316667,0.000476667,0.000911747,999.1888158,2015,2017,999.5767563,1,0.999576756
US,2016,22,0.001383333,0.000493333,0.00095453,998.2782239,2015,2017,997.5130972,0,0.997513097
US,2016,22,0.001383333,0.000493333,0.00095453,998.2782239,2015,2017,999.1004049,1,0.999100405
US,2016,23,0.001446667,0.000523333,0.00100176,997.3257919,2015,2017,996.1341578,0,0.996134158
US,2016,23,0.001446667,0.000523333,0.00100176,997.3257919,2015,2017,998.6076369,1,0.998607637
US,2016,24,0.00151,0.000536667,0.001040797,996.327211,2015,2017,994.6941253,0,0.994694125
US,2016,24,0.00151,0.000536667,0.001040797,996.327211,2015,2017,998.0851689,1,0.998085169
US,2016,25,0.001556667,0.000593333,0.001092043,995.2907763,2015,2017,993.1932704,0,0.99319327
US,2016,25,0.001556667,0.000593333,0.001092043,995.2907763,2015,2017,997.5496736,1,0.997549674
US,2016,26,0.001563333,6.00E-04,0.001098593,994.2044688,2015,2017,991.6484019,0,0.991648402
US,2016,26,0.001563333,6.00E-04,0.001098593,994.2044688,2015,2017,996.9579696,1,0.99695797
US,2016,27,0.00164,0.000666667,0.001170367,993.112842,2015,2017,990.0993358,0,0.990099336
US,2016,27,0.00164,0.000666667,0.001170367,993.112842,2015,2017,996.3599743,1,0.996359974
US,2016,28,0.001693333,0.000706667,0.0012171,991.9512156,2015,2017,988.4769033,0,0.988476903
US,2016,28,0.001693333,0.000706667,0.0012171,991.9512156,2015,2017,995.6959556,1,0.995695956
US,2016,29,0.00172,0.00072,0.00123712,990.7446461,2015,2017,986.8044983,0,0.986804498
US,2016,29,0.00172,0.00072,0.00123712,990.7446461,2015,2017,994.992579,1,0.994992579
US,2016,30,0.001716667,0.000783333,0.001265683,989.5197337,2015,2017,985.108653,0,0.985108653
US,2016,30,0.001716667,0.000783333,0.001265683,989.5197337,2015,2017,994.2764422,1,0.994276442
US,2016,31,0.00178,0.000836667,0.001323817,988.2681072,2015,2017,983.4190001,0,0.983419
US,2016,31,0.00178,0.000836667,0.001323817,988.2681072,2015,2017,993.4978972,1,0.993497897
US,2016,32,0.001873333,0.000903333,0.0014038,986.9606868,2015,2017,981.6700709,0,0.981670071
US,2016,32,0.001873333,0.000903333,0.0014038,986.9606868,2015,2017,992.6670182,1,0.992667018
US,2016,33,0.001913333,0.000946667,0.001444923,985.5761631,2015,2017,979.8327965,0,0.979832797
US,2016,33,0.001913333,0.000946667,0.001444923,985.5761631,2015,2017,991.7707138,1,0.991770714
US,2016,34,0.001986667,0.000993333,0.001504863,984.1531093,2015,2017,977.9598415,0,0.977959842
US,2016,34,0.001986667,0.000993333,0.001504863,984.1531093,2015,2017,990.8322818,1,0.990832282
US,2016,35,0.002026667,0.001046667,0.001550853,982.6732069,2015,2017,976.0188893,0,0.976018889
US,2016,35,0.002026667,0.001046667,0.001550853,982.6732069,2015,2017,989.8485436,1,0.989848544
US,2016,36,0.002076667,0.00112,0.00161176,981.1504057,2015,2017,974.0428268,0,0.974042827
US,2016,36,0.002076667,0.00112,0.00161176,981.1504057,2015,2017,988.813044,1,0.988813044
US,2016,37,0.002163333,0.001173333,0.001681723,979.5703001,2015,2017,972.0221627,0,0.972022163
US,2016,37,0.002163333,0.001173333,0.001681723,979.5703001,2015,2017,987.7061933,1,0.987706193
US,2016,38,0.002216667,0.001236667,0.00173954,977.9243179,2015,2017,969.9216268,0,0.969921627
US,2016,38,0.002216667,0.001236667,0.00173954,977.9243179,2015,2017,986.5479642,1,0.986547964
US,2016,39,0.002306667,0.001293333,0.00181294,976.2246577,2015,2017,967.7740141,0,0.967774014
US,2016,39,0.002306667,0.001293333,0.00181294,976.2246577,2015,2017,985.3286871,1,0.985328687
US,2016,40,0.002373333,0.00139,0.001893923,974.4564238,2015,2017,965.5442537,0,0.965544254
US,2016,40,0.002373333,0.00139,0.001893923,974.4564238,2015,2017,984.0551522,1,0.984055152
US,2016,41,0.002496667,0.001473333,0.00199737,972.6126241,2015,2017,963.2554114,0,0.963255411
US,2016,41,0.002496667,0.001473333,0.00199737,972.6126241,2015,2017,982.6882655,1,0.982688266
US,2016,42,0.002596667,0.001623333,0.00212125,970.671895,2015,2017,960.8534822,0,0.960853482
US,2016,42,0.002596667,0.001623333,0.00212125,970.671895,2015,2017,981.241504,1,0.981241504
US,2016,43,0.002813333,0.001736667,0.0022868,968.6150388,2015,2017,958.3617011,0,0.958361701
US,2016,43,0.002813333,0.001736667,0.0022868,968.6150388,2015,2017,979.6499138,1,0.979649914
US,2016,44,0.00301,0.001863333,0.00244869,966.4025397,2015,2017,955.6692975,0,0.955669298
US,2016,44,0.00301,0.001863333,0.00244869,966.4025397,2015,2017,977.9500644,1,0.977950064
US,2016,45,0.003253333,0.002046667,0.002662253,964.0390132,2015,2017,952.7970557,0,0.952797056
US,2016,45,0.003253333,0.002046667,0.002662253,964.0390132,2015,2017,976.1295136,1,0.976129514
US,2016,46,0.003523333,0.00223,0.002889313,961.475909,2015,2017,949.7023233,0,0.949702323
US,2016,46,0.003523333,0.00223,0.002889313,961.475909,2015,2017,974.1337442,1,0.974133744
US,2016,47,0.00379,0.00239,0.003102893,958.7019113,2015,2017,946.3620899,0,0.94636209
US,2016,47,0.00379,0.00239,0.003102893,958.7019113,2015,2017,971.9638454,1,0.971963845
US,2016,48,0.004113333,0.002636667,0.003387323,955.7317695,2015,2017,942.7821615,0,0.942782162
US,2016,48,0.004113333,0.002636667,0.003387323,955.7317695,2015,2017,969.6436245,1,0.969643624
US,2016,49,0.00454,0.002893333,0.003728743,952.4998707,2015,2017,938.9121436,0,0.938912144
US,2016,49,0.00454,0.002893333,0.003728743,952.4998707,2015,2017,967.0903635,1,0.967090364
US,2016,50,0.004996667,0.00318,0.00409963,948.9548524,2015,2017,934.6591368,0,0.934659137
US,2016,50,0.004996667,0.00318,0.00409963,948.9548524,2015,2017,964.2962908,1,0.964296291
US,2016,51,0.00551,0.00347,0.004500703,945.0724469,2015,2017,930.0005952,0,0.930000595
US,2016,51,0.00551,0.00347,0.004500703,945.0724469,2015,2017,961.2346966,1,0.961234697
US,2016,52,0.00602,0.00379,0.004914563,940.8285065,2015,2017,924.8903706,0,0.924890371
US,2016,52,0.00602,0.00379,0.004914563,940.8285065,2015,2017,957.9049892,1,0.957904989
US,2016,53,0.006623333,0.004126667,0.005383367,936.2160793,2015,2017,919.3392395,0,0.919339239
US,2016,53,0.006623333,0.004126667,0.005383367,936.2160793,2015,2017,954.281396,1,0.954281396
US,2016,54,0.00725,0.004453333,0.005858367,931.1896145,2015,2017,913.2702477,0,0.913270248
US,2016,54,0.00725,0.004453333,0.005858367,931.1896145,2015,2017,950.3515034,1,0.950351503
US,2016,55,0.00788,0.00483,0.006359553,925.750297,2015,2017,906.6729536,0,0.906672954
US,2016,55,0.00788,0.00483,0.006359553,925.750297,2015,2017,946.1286743,1,0.946128674
US,2016,56,0.00844,0.005216667,0.006829147,919.8815998,2015,2017,899.5564099,0,0.89955641
US,2016,56,0.00844,0.005216667,0.006829147,919.8815998,2015,2017,941.5698822,1,0.941569882
US,2016,57,0.00926,0.005646667,0.00744711,913.6209708,2015,2017,891.9960585,0,0.891996058
US,2016,57,0.00926,0.005646667,0.00744711,913.6209708,2015,2017,936.6708044,1,0.936670804
US,2016,58,0.009916667,0.00603,0.00795565,906.8423754,2015,2017,883.774242,0,0.883774242
US,2016,58,0.009916667,0.00603,0.00795565,906.8423754,2015,2017,931.3966274,1,0.931396627
US,2016,59,0.010786667,0.006446667,0.00858289,899.6564393,2015,2017,875.0533883,0,0.875053388
US,2016,59,0.010786667,0.006446667,0.00858289,899.6564393,2015,2017,925.797188,1,0.925797188
US,2016,60,0.011533333,0.00689,0.009166183,891.9677825,2015,2017,865.6651132,0,0.865665113
US,2016,60,0.011533333,0.00689,0.009166183,891.9677825,2015,2017,919.8480582,1,0.919848058
US,2016,61,0.012413333,0.007326667,0.00981576,883.8291424,2015,2017,855.7383532,0,0.855738353
US,2016,61,0.012413333,0.007326667,0.00981576,883.8291424,2015,2017,913.5320637,1,0.913532064
US,2016,62,0.013293333,0.007923333,0.01054682,875.1960578,2015,2017,845.1813118,0,0.845181312
US,2016,62,0.013293333,0.007923333,0.01054682,875.1960578,2015,2017,906.8633485,1,0.906863348
US,2016,63,0.0144,0.008516667,0.011381473,866.0139435,2015,2017,834.020219,0,0.834020219
US,2016,63,0.0144,0.008516667,0.011381473,866.0139435,2015,2017,899.7063216,1,0.899706322
US,2016,64,0.015266667,0.00914,0.01211118,856.2132024,2015,2017,822.0961809,0,0.822096181
US,2016,64,0.015266667,0.00914,0.01211118,856.2132024,2015,2017,892.0763139,1,0.892076314
US,2016,65,0.016173333,0.009793333,0.012879003,845.9058672,2015,2017,809.6405902,0,0.80964059
US,2016,65,0.016173333,0.009793333,0.012879003,845.9058672,2015,2017,883.9598288,1,0.883959829
US,2016,66,0.016996667,0.010486667,0.013626997,835.0811485,2015,2017,796.6510452,0,0.796651045
US,2016,66,0.016996667,0.010486667,0.013626997,835.0811485,2015,2017,875.345099,1,0.875345099
US,2016,67,0.018156667,0.011496667,0.014700473,823.7785109,2015,2017,783.2247342,0,0.783224734
US,2016,67,0.018156667,0.011496667,0.014700473,823.7785109,2015,2017,866.2135266,1,0.866213527
US,2016,68,0.01941,0.012566667,0.0158501,811.7569383,2015,2017,769.131923,0,0.769131923
US,2016,68,0.01941,0.012566667,0.0158501,811.7569383,2015,2017,856.3118764,1,0.856311876
US,2016,69,0.0211,0.013853333,0.01732009,798.991675,2015,2017,754.3465643,0,0.754346564
US,2016,69,0.0211,0.013853333,0.01732009,798.991675,2015,2017,845.6180831,1,0.845618083
US,2016,70,0.022633333,0.015113333,0.018700497,785.2718813,2015,2017,738.59602,0,0.73859602
US,2016,70,0.022633333,0.015113333,0.018700497,785.2718813,2015,2017,833.9840391,1,0.833984039
US,2016,71,0.02506,0.01658,0.020606353,770.7229433,2015,2017,722.0661927,0,0.722066193
US,2016,71,0.02506,0.01658,0.020606353,770.7229433,2015,2017,821.4742923,1,0.821474292
US,2016,72,0.027183333,0.01856,0.022625433,755.0031181,2015,2017,704.1951382,0,0.704195138
US,2016,72,0.027183333,0.01856,0.022625433,755.0031181,2015,2017,807.9662304,1,0.80796623
US,2016,73,0.029893333,0.020413333,0.02483723,738.1119307,2015,2017,685.3094549,0,0.685309455
US,2016,73,0.029893333,0.020413333,0.02483723,738.1119307,2015,2017,793.1082591,1,0.793108259
US,2016,74,0.032576667,0.022286667,0.027017593,720.0041484,2015,2017,665.1249618,0,0.665124962
US,2016,74,0.032576667,0.022286667,0.027017593,720.0041484,2015,2017,777.081852,1,0.777081852
US,2016,75,0.035506667,0.024633333,0.029548327,700.8106502,2015,2017,643.8046795,0,0.64380468
US,2016,75,0.035506667,0.024633333,0.029548327,700.8106502,2015,2017,759.9541475,1,0.759954148
US,2016,76,0.03859,0.026793333,0.032067213,680.4043542,2015,2017,621.344072,0,0.621344072
US,2016,76,0.03859,0.026793333,0.032067213,680.4043542,2015,2017,741.4617089,1,0.741461709
US,2016,77,0.042446667,0.02994,0.035522183,658.929994,2015,2017,597.8202956,0,0.597820296
US,2016,77,0.042446667,0.02994,0.035522183,658.929994,2015,2017,721.8581012,1,0.721858101
US,2016,78,0.04631,0.033153333,0.039031117,635.9318344,2015,2017,572.9721767,0,0.572972177
US,2016,78,0.04631,0.033153333,0.039031117,635.9318344,2015,2017,700.5644358,1,0.700564436
US,2016,79,0.051373333,0.036976667,0.04335995,611.5858306,2015,2017,547.0383333,0,0.547038333
US,2016,79,0.051373333,0.036976667,0.04335995,611.5858306,2015,2017,677.7171219,1,0.677717122
US,2016,80,0.056843333,0.041406667,0.048137097,585.6302166,2015,2017,519.6389495,0,0.519638949
US,2016,80,0.056843333,0.041406667,0.048137097,585.6302166,2015,2017,653.1123038,1,0.653112304
US,2016,81,0.063013333,0.04571,0.053116217,558.1022368,2015,2017,490.9172578,0,0.490917258
US,2016,81,0.063013333,0.04571,0.053116217,558.1022368,2015,2017,626.6176285,1,0.626617628
US,2016,82,0.069646667,0.05164,0.059215,529.2248853,2015,2017,460.9277931,0,0.460927793
US,2016,82,0.069646667,0.05164,0.059215,529.2248853,2015,2017,598.6149382,1,0.598614938
US,2016,83,0.077593333,0.057976667,0.066080477,498.787994,2015,2017,429.9059913,0,0.429905991
US,2016,83,0.077593333,0.057976667,0.066080477,498.787994,2015,2017,568.4805331,1,0.568480533
US,2016,84,0.087323333,0.0662,0.074766977,466.8820264,2015,2017,397.793991,0,0.397793991
US,2016,84,0.087323333,0.0662,0.074766977,466.8820264,2015,2017,536.4504261,1,0.536450426
US,2016,85,0.097703333,0.075993333,0.0846402,433.2326017,2015,2017,364.5105061,0,0.364510506
US,2016,85,0.097703333,0.075993333,0.0846402,433.2326017,2015,2017,502.075227,1,0.502075227
US,2016,86,0.110226667,0.08587,0.0953654,398.0525317,2015,2017,330.5553792,0,0.330555379
US,2016,86,0.110226667,0.08587,0.0953654,398.0525317,2015,2017,465.317527,1,0.465317527
US,2016,87,0.124519997,0.097166667,0.107527897,361.8197688,2015,2017,296.0225793,0,0.296022579
US,2016,87,0.124519997,0.097166667,0.107527897,361.8197688,2015,2017,427.0056322,1,0.427005632
US,2016,88,0.13927667,0.109026667,0.12009763,324.8990535,2015,2017,261.3222887,0,0.261322289
US,2016,88,0.13927667,0.109026667,0.12009763,324.8990535,2015,2017,387.4372806,1,0.387437281
US,2016,89,0.15676,0.12235,0.13448149,288.0897993,2015,2017,227.2957426,0,0.227295743
US,2016,89,0.15676,0.12235,0.13448149,288.0897993,2015,2017,347.3799443,1,0.347379944
US,2016,90,0.176036667,0.13937,0.15182869,251.788013,2015,2017,194.2546248,0,0.194254625
US,2016,90,0.176036667,0.13937,0.15182869,251.788013,2015,2017,307.3281751,1,0.307328175
Mexico,2016,20,0.001977763,0.00060153,0.001293747,1000,2015,2017,1000,0,1
Mexico,2016,20,0.001977763,0.00060153,0.001293747,1000,2015,2017,1000,1,1
Mexico,2016,21,0.002117457,0.000624127,0.001372647,998.7070897,2015,2017,998.0241905,0,0.998024191
Mexico,2016,21,0.002117457,0.000624127,0.001372647,998.7070897,2015,2017,999.3986509,1,0.999398651
Mexico,2016,22,0.002212027,0.000644057,0.001426973,997.3371579,2015,2017,995.9131525,0,0.995913153
Mexico,2016,22,0.002212027,0.000644057,0.001426973,997.3371579,2015,2017,998.7750941,1,0.998775094
Mexico,2016,23,0.002281277,0.00066312,0.001468077,995.9149991,2015,2017,993.7125999,0,0.9937126
Mexico,2016,23,0.002281277,0.00066312,0.001468077,995.9149991,2015,2017,998.1320334,1,0.998132033
Mexico,2016,24,0.00233914,0.000682223,0.001503697,994.453992,2015,2017,991.4482494,0,0.991448249
Mexico,2016,24,0.00233914,0.000682223,0.001503697,994.453992,2015,2017,997.4703715,1,0.997470371
Mexico,2016,25,0.002396593,0.000701927,0.001539693,992.9597583,2015,2017,989.1318223,0,0.989131822
Mexico,2016,25,0.002396593,0.000701927,0.001539693,992.9597583,2015,2017,996.790106,1,0.996790106
Mexico,2016,26,0.00245777,0.00072227,0.001578263,991.4320808,2015,2017,986.7641128,0,0.986764113
Mexico,2016,26,0.00245777,0.00072227,0.001578263,991.4320808,2015,2017,996.0906779,1,0.996090678
Mexico,2016,27,0.002523853,0.0007432,0.001619657,989.8685737,2015,2017,984.3418503,0,0.98434185
Mexico,2016,27,0.002523853,0.0007432,0.001619657,989.8685737,2015,2017,995.3714912,1,0.995371491
Mexico,2016,28,0.002594873,0.000765203,0.0016627,988.2666238,2015,2017,981.8606469,0,0.981860647
Mexico,2016,28,0.002594873,0.000765203,0.0016627,988.2666238,2015,2017,994.6320059,1,0.994632006
Mexico,2016,29,0.002670213,0.00078911,0.001706467,986.6247978,2015,2017,979.3161442,0,0.979316144
Mexico,2016,29,0.002670213,0.00078911,0.001706467,986.6247978,2015,2017,993.8712013,1,0.993871201
Mexico,2016,30,0.002749507,0.000816433,0.00175204,984.9425908,2015,2017,976.7046478,0,0.976704648
Mexico,2016,30,0.002749507,0.000816433,0.00175204,984.9425908,2015,2017,993.0872369,1,0.993087237
Mexico,2016,31,0.002832233,0.000849067,0.001801473,983.2184424,2015,2017,974.0228787,0,0.974022879
Mexico,2016,31,0.002832233,0.000849067,0.001801473,983.2184424,2015,2017,992.2767782,1,0.992276778
Mexico,2016,32,0.002919043,0.000888833,0.001857223,981.4487945,2015,2017,971.2681197,0,0.97126812
Mexico,2016,32,0.002919043,0.000888833,0.001857223,981.4487945,2015,2017,991.4346266,1,0.991434627
Mexico,2016,33,0.00301134,0.00093765,0.001920723,979.627716,2015,2017,968.4370779,0,0.968437078
Mexico,2016,33,0.00301134,0.00093765,0.001920723,979.627716,2015,2017,990.5537979,1,0.990553798
Mexico,2016,34,0.003112187,0.00099686,0.001993633,977.7479275,2015,2017,965.525169,0,0.965525169
Mexico,2016,34,0.003112187,0.00099686,0.001993633,977.7479275,2015,2017,989.6254404,1,0.98962544
Mexico,2016,35,0.003226077,0.00106762,0.00207938,975.8005978,2015,2017,962.524943,0,0.962524943
Mexico,2016,35,0.003226077,0.00106762,0.00207938,975.8005978,2015,2017,988.6394138,1,0.988639414
Mexico,2016,36,0.00335747,0.001150567,0.00218121,973.7736449,2015,2017,959.4247645,0,0.959424764
Mexico,2016,36,0.00335747,0.001150567,0.00218121,973.7736449,2015,2017,987.5844857,1,0.987584486
Mexico,2016,37,0.003510953,0.001245977,0.002301763,971.651954,2015,2017,956.2089232,0,0.956208923
Mexico,2016,37,0.003510953,0.001245977,0.002301763,971.651954,2015,2017,986.4488573,1,0.986448857
Mexico,2016,38,0.003687907,0.001353903,0.002440727,969.4180122,2015,2017,952.8576014,0,0.952857601
Mexico,2016,38,0.003687907,0.001353903,0.002440727,969.4180122,2015,2017,985.2205302,1,0.98522053
Mexico,2016,39,0.003886917,0.001474037,0.002596827,967.0548118,2015,2017,949.3500193,0,0.949350019
Mexico,2016,39,0.003886917,0.001474037,0.002596827,967.0548118,2015,2017,983.8875392,1,0.983887539
Mexico,2016,40,0.00410274,0.00160582,0.00276815,964.5467945,2015,2017,945.6671325,0,0.945667132
Mexico,2016,40,0.00410274,0.00160582,0.00276815,964.5467945,2015,2017,982.438321,1,0.982438321
Mexico,2016,41,0.00432665,0.001748367,0.002950467,961.8804747,2015,2017,941.7952488,0,0.941795249
Mexico,2016,41,0.00432665,0.001748367,0.002950467,961.8804747,2015,2017,980.8619676,1,0.980861968
Mexico,2016,42,0.004551943,0.00190139,0.003140017,959.0466589,2015,2017,937.7292265,0,0.937729226
Mexico,2016,42,0.004551943,0.00190139,0.003140017,959.0466589,2015,2017,979.1485591,1,0.979148559
Mexico,2016,43,0.0047747,0.002065177,0.003334,956.039957,2015,2017,933.4704291,0,0.933470429
Mexico,2016,43,0.0047747,0.002065177,0.003334,956.039957,2015,2017,977.2885841,1,0.977288584
Mexico,2016,44,0.004998277,0.002241887,0.003534593,952.8578244,2015,2017,929.024003,0,0.929024003
Mexico,2016,44,0.004998277,0.002241887,0.003534593,952.8578244,2015,2017,975.2723924,1,0.975272392
Mexico,2016,45,0.005233617,0.002435477,0.003749297,949.4958011,2015,2017,924.3920599,0,0.92439206
Mexico,2016,45,0.005233617,0.002435477,0.003749297,949.4958011,2015,2017,973.0883903,1,0.97308839
Mexico,2016,46,0.005495243,0.002651313,0.003988053,945.9425209,2015,2017,919.566773,0,0.919566773
Mexico,2016,46,0.005495243,0.002651313,0.003988053,945.9425209,2015,2017,970.7213387,1,0.970721339
Mexico,2016,47,0.00580072,0.002896197,0.004262613,942.1775591,2015,2017,914.5273762,0,0.914527376
Mexico,2016,47,0.00580072,0.002896197,0.004262613,942.1775591,2015,2017,968.1510596,1,0.96815106
Mexico,2016,48,0.006164053,0.00317594,0.00458243,938.1699619,2015,2017,909.2378006,0,0.909237801
Mexico,2016,48,0.006164053,0.00317594,0.00458243,938.1699619,2015,2017,965.3511583,1,0.965351158
Mexico,2016,49,0.006594113,0.00349537,0.004954133,933.8806913,2015,2017,903.6504308,0,0.903650431
Mexico,2016,49,0.006594113,0.00349537,0.004954133,933.8806913,2015,2017,962.2901217,1,0.962290122
Mexico,2016,50,0.007094237,0.003856723,0.005380333,929.2655539,2015,2017,897.7112393,0,0.897711239
Mexico,2016,50,0.007094237,0.003856723,0.005380333,929.2655539,2015,2017,958.9324299,1,0.95893243
Mexico,2016,51,0.00765965,0.00425915,0.005858313,924.2792095,2015,2017,891.3651735,0,0.891365174
Mexico,2016,51,0.00765965,0.00425915,0.005858313,924.2792095,2015,2017,955.2412108,1,0.955241211
Mexico,2016,52,0.008283053,0.004700833,0.006384343,918.8803065,2015,2017,884.5636768,0,0.884563677
Mexico,2016,52,0.008283053,0.004700833,0.006384343,918.8803065,2015,2017,951.181341,1,0.951181341
Mexico,2016,53,0.00895527,0.00517895,0.00695338,913.0325263,2015,2017,877.267008,0,0.877267008
Mexico,2016,53,0.00895527,0.00517895,0.00695338,913.0325263,2015,2017,946.7204809,1,0.946720481
Mexico,2016,54,0.00966806,0.005692587,0.007560923,906.7058601,2015,2017,869.4458653,0,0.869445865
Mexico,2016,54,0.00966806,0.005692587,0.007560923,906.7058601,2015,2017,941.8301264,1,0.941830126
Mexico,2016,55,0.010416953,0.00624345,0.008204987,899.876146,2015,2017,861.0804492,0,0.861080449
Mexico,2016,55,0.010416953,0.00624345,0.008204987,899.876146,2015,2017,936.4838937,1,0.936483894
Mexico,2016,56,0.01119967,0.00683539,0.008886187,892.5228411,2015,2017,852.1570915,0,0.852157091
Mexico,2016,56,0.01119967,0.00683539,0.008886187,892.5228411,2015,2017,930.6551989,1,0.930655199
Mexico,2016,57,0.012018577,0.007474763,0.009609367,884.6267994,2015,2017,842.6663598,0,0.84266636
Mexico,2016,57,0.012018577,0.007474763,0.009609367,884.6267994,2015,2017,924.3154749,1,0.924315475
Mexico,2016,58,0.012877667,0.00816723,0.010379243,876.166744,2015,2017,832.599206,0,0.832599206
Mexico,2016,58,0.012877667,0.00816723,0.010379243,876.166744,2015,2017,917.4321611,1,0.917432161
Mexico,2016,59,0.013784623,0.00891713,0.01120141,867.1197467,2015,2017,821.945866,0,0.821945866
Mexico,2016,59,0.013784623,0.00891713,0.01120141,867.1197467,2015,2017,909.9697552,1,0.909969755
Mexico,2016,60,0.014749243,0.009726837,0.012082327,857.4608793,2015,2017,810.6932087,0,0.810693209
Mexico,2016,60,0.014749243,0.009726837,0.012082327,857.4608793,2015,2017,901.8914542,1,0.901891454
Mexico,2016,61,0.01578388,0.01059608,0.013028333,847.1629683,2015,2017,798.8236309,0,0.798823631
Mexico,2016,61,0.01578388,0.01059608,0.013028333,847.1629683,2015,2017,893.1613614,1,0.893161361
Mexico,2016,62,0.01690442,0.011525847,0.014047,836.197279,2015,2017,786.3138212,0,0.786313821
Mexico,2016,62,0.01690442,0.011525847,0.014047,836.197279,2015,2017,883.7472286,1,0.883747229
Mexico,2016,63,0.018125753,0.012519647,0.015146143,824.533139,2015,2017,773.1330488,0,0.773133049
Mexico,2016,63,0.018125753,0.012519647,0.015146143,824.533139,2015,2017,873.619658,1,0.873619658
Mexico,2016,64,0.019465717,0.013586517,0.01633847,812.1385073,2015,2017,759.2452929,0,0.759245293
Mexico,2016,64,0.019465717,0.013586517,0.01633847,812.1385073,2015,2017,862.7502889,1,0.862750289
Mexico,2016,65,0.020940037,0.014743107,0.017639943,798.9769267,2015,2017,744.608497,0,0.744608497
Mexico,2016,65,0.020940037,0.014743107,0.017639943,798.9769267,2015,2017,851.1076095,1,0.851107609
Mexico,2016,66,0.022562713,0.016009787,0.019067987,785.00624,2015,2017,729.1779261,0,0.729177926
Mexico,2016,66,0.022562713,0.016009787,0.019067987,785.00624,2015,2017,838.6514604,1,0.83865146
Mexico,2016,67,0.024349677,0.017410853,0.020643477,770.1791133,2015,2017,712.9092266,0,0.712909227
Mexico,2016,67,0.024349677,0.017410853,0.020643477,770.1791133,2015,2017,825.3314546,1,0.825331455
Mexico,2016,68,0.02631315,0.018968547,0.02238436,754.4423693,2015,2017,695.7589197,0,0.69575892
Mexico,2016,68,0.02631315,0.018968547,0.02238436,754.4423693,2015,2017,811.0857447,1,0.811085745
Mexico,2016,69,0.02846861,0.020699507,0.02430613,737.7415779,2015,2017,677.6890485,0,0.677689048
Mexico,2016,69,0.02846861,0.020699507,0.02430613,737.7415779,2015,2017,795.8451726,1,0.795845173
Mexico,2016,70,0.030831063,0.02261514,0.02642026,720.025243,2015,2017,658.6669496,0,0.65866695
Mexico,2016,70,0.030831063,0.02261514,0.02642026,720.025243,2015,2017,779.5403214,1,0.779540321
Mexico,2016,71,0.033411757,0.024716723,0.028731747,701.2500121,2015,2017,638.667844,0,0.638667844
Mexico,2016,71,0.033411757,0.024716723,0.028731747,701.2500121,2015,2017,762.1080248,1,0.762108025
Mexico,2016,72,0.03622677,0.027006273,0.0312485,681.3872208,2015,2017,617.6794588,0,0.617679459
Mexico,2016,72,0.03622677,0.027006273,0.0312485,681.3872208,2015,2017,743.5011619,1,0.743501162
Mexico,2016,73,0.039286967,0.029492007,0.033979407,660.422451,2015,2017,595.7010309,0,0.595701031
Mexico,2016,73,0.039286967,0.029492007,0.033979407,660.422451,2015,2017,723.6894861,1,0.723689486
Mexico,2016,74,0.04260655,0.032194713,0.03694341,638.3565805,2015,2017,572.7486098,0,0.57274861
Mexico,2016,74,0.04260655,0.032194713,0.03694341,638.3565805,2015,2017,702.6565822,1,0.702656582
Mexico,2016,75,0.046557587,0.036165473,0.040884887,615.2012305,2015,2017,548.8547843,0,0.548854784
Mexico,2016,75,0.046557587,0.036165473,0.040884887,615.2012305,2015,2017,680.3931376,1,0.680393138
Mexico,2016,76,0.050875067,0.04062605,0.04526121,590.5526746,2015,2017,523.8827489,0,0.523882749
Mexico,2016,76,0.050875067,0.04062605,0.04526121,590.5526746,2015,2017,656.2234518,1,0.656223452
Mexico,2016,77,0.05559297,0.045636867,0.050120557,564.4150561,2015,2017,497.8913366,0,0.497891337
Mexico,2016,77,0.05559297,0.045636867,0.050120557,564.4150561,2015,2017,630.0944442,1,0.630094444
Mexico,2016,78,0.06074845,0.051265807,0.05551889,536.8178529,2015,2017,470.9606567,0,0.470960657
Mexico,2016,78,0.06074845,0.051265807,0.05551889,536.8178529,2015,2017,601.9804259,1,0.601980426
Mexico,2016,79,0.066382083,0.05758913,0.061519287,507.8193051,2015,2017,443.1939199,0,0.44319392
Mexico,2016,79,0.066382083,0.05758913,0.061519287,507.8193051,2015,2017,571.8907008,1,0.571890701
Mexico,2016,80,0.072538223,0.064692513,0.068190407,477.5108995,2015,2017,414.7188997,0,0.4147189
Mexico,2016,80,0.072538223,0.064692513,0.068190407,477.5108995,2015,2017,539.8778101,1,0.53987781
Mexico,2016,81,0.07926535,0.0726722,0.0756077,446.0228292,2015,2017,385.6888227,0,0.385688823
Mexico,2016,81,0.07926535,0.0726722,0.0756077,446.0228292,2015,2017,506.0460873,1,0.506046087
Mexico,2016,82,0.08661642,0.081636303,0.083853993,413.5284804,2015,2017,356.2825138,0,0.356282514
Mexico,2016,82,0.08661642,0.081636303,0.083853993,413.5284804,2015,2017,470.5600298,1,0.47056003
Mexico,2016,83,0.094649313,0.091706297,0.093019107,380.247824,2015,2017,326.7036075,0,0.326703607
Mexico,2016,83,0.094649313,0.091706297,0.093019107,380.247824,2015,2017,433.6517752,1,0.433651775
Mexico,2016,84,0.103427273,0.103018623,0.103201827,346.449458,2015,2017,297.1785964,0,0.297178596
Mexico,2016,84,0.103427273,0.103018623,0.103201827,346.449458,2015,2017,395.6267442,1,0.395626744
Mexico,2016,85,0.113019423,0.115726577,0.114511467,312.4496616,2015,2017,267.9535575,0,0.267953558
Mexico,2016,85,0.113019423,0.115726577,0.114511467,312.4496616,2015,2017,356.8663432,1,0.356866343
Mexico,2016,86,0.12350129,0.130002357,0.12706671,278.6082097,2015,2017,239.289404,0,0.239289404
Mexico,2016,86,0.12350129,0.130002357,0.12706671,278.6082097,2015,2017,317.8264024,1,0.317826402
Mexico,2016,87,0.13462726,0.1439549,0.13971287,245.3212156,2015,2017,211.4556087,0,0.211455609
Mexico,2016,87,0.13462726,0.1439549,0.13971287,245.3212156,2015,2017,279.0300309,1,0.279030031
Mexico,2016,88,0.14648532,0.15885547,0.153184657,213.2846451,2015,2017,184.7833276,0,0.184783328
Mexico,2016,88,0.14648532,0.15885547,0.153184657,213.2846451,2015,2017,241.5593358,1,0.241559336
Mexico,2016,89,0.15903166,0.174699313,0.167451403,182.9370992,2015,2017,159.5625216,0,0.159562522
Mexico,2016,89,0.15903166,0.174699313,0.167451403,182.9370992,2015,2017,206.0099233,1,0.206009923
Mexico,2016,90,0.172236793,0.19155524,0.18252979,154.6706532,2015,2017,136.056157,0,0.136056157
Mexico,2016,90,0.172236793,0.19155524,0.18252979,154.6706532,2015,2017,172.9112858,1,0.172911286
England,2016,20,0.000466667,0.000203333,0.000338663,1000,2015,2017,1000,0,1
England,2016,20,0.000466667,0.000203333,0.000338663,1000,2015,2017,1000,1,1
England,2016,21,5.00E-04,0.000213333,0.00036054,999.661394,2015,2017,999.5334422,0,0.999533442
England,2016,21,5.00E-04,0.000213333,0.00036054,999.661394,2015,2017,999.7966873,1,0.999796687
England,2016,22,0.000493333,0.000203333,0.000351747,999.301041,2015,2017,999.0338004,0,0.9990338
England,2016,22,0.000493333,0.000203333,0.000351747,999.301041,2015,2017,999.5834201,1,0.99958342
England,2016,23,0.00053,0.000226667,0.000381113,998.949602,2015,2017,998.5410653,0,0.998541065
England,2016,23,0.00053,0.000226667,0.000381113,998.949602,2015,2017,999.3801922,1,0.999380192
England,2016,24,0.000533333,0.000213333,0.00037576,998.5689616,2015,2017,998.0119787,0,0.998011979
England,2016,24,0.000533333,0.000213333,0.00037576,998.5689616,2015,2017,999.1536917,1,0.999153692
England,2016,25,0.00062,0.000243333,0.000434363,998.1938098,2015,2017,997.4798475,0,0.997479848
England,2016,25,0.00062,0.000243333,0.000434363,998.1938098,2015,2017,998.9405616,1,0.998940562
England,2016,26,0.000573333,0.00027,0.000423433,997.7603251,2015,2017,996.8616017,0,0.996861602
England,2016,26,0.000573333,0.00027,0.000423433,997.7603251,2015,2017,998.6975156,1,0.998697516
England,2016,27,0.000613333,0.000276667,0.00044553,997.3379296,2015,2017,996.2902315,0,0.996290232
England,2016,27,0.000613333,0.000276667,0.00044553,997.3379296,2015,2017,998.4279037,1,0.998427904
England,2016,28,0.000673333,0.00031,0.000491167,996.8936846,2015,2017,995.6793608,0,0.995679361
England,2016,28,0.000673333,0.00031,0.000491167,996.8936846,2015,2017,998.1517102,1,0.99815171
England,2016,29,0.000686667,0.000333333,0.000509183,996.4041638,2015,2017,995.0091624,0,0.995009162
England,2016,29,0.000686667,0.000333333,0.000509183,996.4041638,2015,2017,997.8423311,1,0.997842331
England,2016,30,0.000723333,0.000373333,0.000547727,995.8969406,2015,2017,994.3261572,0,0.994326157
England,2016,30,0.000723333,0.000373333,0.000547727,995.8969406,2015,2017,997.5097724,1,0.997509772
England,2016,31,0.00077,4.00E-04,0.0005846,995.3516106,2015,2017,993.607188,0,0.993607188
England,2016,31,0.00077,4.00E-04,0.0005846,995.3516106,2015,2017,997.1374383,1,0.997137438
England,2016,32,0.000926667,0.000476667,0.000701367,994.7698981,2015,2017,992.8424049,0,0.992842405
England,2016,32,0.000926667,0.000476667,0.000701367,994.7698981,2015,2017,996.7386631,1,0.996738663
England,2016,33,0.000886667,5.00E-04,0.000692617,994.0724442,2015,2017,991.922797,0,0.991922797
England,2016,33,0.000886667,5.00E-04,0.000692617,994.0724442,2015,2017,996.2636642,1,0.996263664
England,2016,34,0.000976667,0.00051,0.000741753,993.3841715,2015,2017,991.0436819,0,0.991043682
England,2016,34,0.000976667,0.00051,0.000741753,993.3841715,2015,2017,995.7656568,1,0.995765657
England,2016,35,0.00103,0.000593333,0.000809757,992.6475986,2015,2017,990.076235,0,0.990076235
England,2016,35,0.00103,0.000593333,0.000809757,992.6475986,2015,2017,995.2579458,1,0.995257946
England,2016,36,0.001163333,0.000666667,0.000913133,991.8441209,2015,2017,989.0569814,0,0.989056981
England,2016,36,0.001163333,0.000666667,0.000913133,991.8441209,2015,2017,994.6676012,1,0.994667601
England,2016,37,0.001186667,0.000733333,0.000958767,990.9388483,2015,2017,987.9070473,0,0.987907047
England,2016,37,0.001186667,0.000733333,0.000958767,990.9388483,2015,2017,994.0047105,1,0.99400471
England,2016,38,0.00124,0.000726667,0.00098225,989.9892244,2015,2017,986.7354261,0,0.986735426
England,2016,38,0.00124,0.000726667,0.00098225,989.9892244,2015,2017,993.2760409,1,0.993276041
England,2016,39,0.00139,0.00084,0.001113897,989.0172848,2015,2017,985.5126323,0,0.985512632
England,2016,39,0.00139,0.00084,0.001113897,989.0172848,2015,2017,992.5545224,1,0.992554522
England,2016,40,0.0015,0.00093,0.001213953,987.916235,2015,2017,984.1437212,0,0.984143721
England,2016,40,0.0015,0.00093,0.001213953,987.916235,2015,2017,991.7211267,1,0.991721127
England,2016,41,0.00171,0.000976667,0.001343497,986.7176783,2015,2017,982.6686119,0,0.982668612
England,2016,41,0.00171,0.000976667,0.001343497,986.7176783,2015,2017,990.7992547,1,0.990799255
England,2016,42,0.00181,0.001073333,0.001444067,985.3929163,2015,2017,980.9896841,0,0.980989684
England,2016,42,0.00181,0.001073333,0.001444067,985.3929163,2015,2017,989.8320464,1,0.989832046
England,2016,43,0.001993333,0.001146667,0.00157069,983.9709699,2015,2017,979.2156982,0,0.979215698
England,2016,43,0.001993333,0.001146667,0.00157069,983.9709699,2015,2017,988.7701965,1,0.988770197
England,2016,44,0.002106667,0.0013,0.001695603,982.4266694,2015,2017,977.2657384,0,0.977265738
England,2016,44,0.002106667,0.0013,0.001695603,982.4266694,2015,2017,987.6370564,1,0.987637056
England,2016,45,0.00221,0.001446667,0.00181714,980.7622745,2015,2017,975.2091315,0,0.975209131
England,2016,45,0.00221,0.001446667,0.00181714,980.7622745,2015,2017,986.3539622,1,0.986353962
England,2016,46,0.002376667,0.00153,0.001938337,978.9817099,2015,2017,973.0562982,0,0.973056298
England,2016,46,0.002376667,0.00153,0.001938337,978.9817099,2015,2017,984.9280682,1,0.984928068
England,2016,47,0.002743333,0.001656667,0.002181093,977.0859511,2015,2017,970.7464126,0,0.970746413
England,2016,47,0.002743333,0.001656667,0.002181093,977.0859511,2015,2017,983.4222802,1,0.98342228
England,2016,48,0.002803333,0.001776667,0.002270497,974.957157,2015,2017,968.0869795,0,0.96808698
England,2016,48,0.002803333,0.001776667,0.002270497,974.957157,2015,2017,981.7944257,1,0.981794426
England,2016,49,0.003113333,0.00192,0.002493687,972.7460302,2015,2017,965.3769076,0,0.965376908
England,2016,49,0.003113333,0.00192,0.002493687,972.7460302,2015,2017,980.0516524,1,0.980051652
England,2016,50,0.003406667,0.002146667,0.002754003,970.3233271,2015,2017,962.3760389,0,0.962376039
England,2016,50,0.003406667,0.002146667,0.002754003,970.3233271,2015,2017,978.1717579,1,0.978171758
England,2016,51,0.003513333,0.002356667,0.002913247,967.6547281,2015,2017,959.1031194,0,0.959103119
England,2016,51,0.003513333,0.002356667,0.002913247,967.6547281,2015,2017,976.0742006,1,0.976074201
England,2016,52,0.003823333,0.002583333,0.003179627,964.8398114,2015,2017,955.7393794,0,0.955739379
England,2016,52,0.003823333,0.002583333,0.003179627,964.8398114,2015,2017,973.7766264,1,0.973776626
England,2016,53,0.00398,0.002813333,0.003375393,961.7768506,2015,2017,952.0922413,0,0.952092241
England,2016,53,0.00398,0.002813333,0.003375393,961.7768506,2015,2017,971.2642819,1,0.971264282
England,2016,54,0.00441,0.003013333,0.003690747,958.5359451,2015,2017,948.3104399,0,0.94831044
England,2016,54,0.00441,0.003013333,0.003690747,958.5359451,2015,2017,968.53563,1,0.96853563
England,2016,55,0.00494,0.003296667,0.00409889,955.0047481,2015,2017,944.137592,0,0.944137592
England,2016,55,0.00494,0.003296667,0.00409889,955.0047481,2015,2017,965.6214999,1,0.9656215
England,2016,56,0.005473333,0.003613333,0.004522313,951.0982948,2015,2017,939.4850441,0,0.939485044
England,2016,56,0.005473333,0.003613333,0.004522313,951.0982948,2015,2017,962.4434063,1,0.962443406
England,2016,57,0.005886667,0.00387,0.004853323,946.8068339,2015,2017,934.3569632,0,0.934356963
England,2016,57,0.005886667,0.00387,0.004853323,946.8068339,2015,2017,958.972049,1,0.958972049
England,2016,58,0.00639,0.004233333,0.005281503,942.2227981,2015,2017,928.8728567,0,0.928872857
England,2016,58,0.00639,0.004233333,0.005281503,942.2227981,2015,2017,955.2679945,1,0.955267995
England,2016,59,0.007056667,0.004783333,0.005885733,937.259552,2015,2017,922.9562627,0,0.922956263
England,2016,59,0.007056667,0.004783333,0.005885733,937.259552,2015,2017,951.2325683,1,0.951232568
England,2016,60,0.007973333,0.00517,0.006525863,931.7592788,2015,2017,916.4661672,0,0.916466167
England,2016,60,0.007973333,0.00517,0.006525863,931.7592788,2015,2017,946.6933622,1,0.946693362
England,2016,61,0.008633333,0.005623333,0.007074193,925.6985209,2015,2017,909.187893,0,0.909187893
England,2016,61,0.008633333,0.005623333,0.007074193,925.6985209,2015,2017,941.8115769,1,0.941811577
England,2016,62,0.009366667,0.0063,0.007771803,919.1730319,2015,2017,901.3723081,0,0.901372308
England,2016,62,0.009366667,0.0063,0.007771803,919.1730319,2015,2017,936.5303056,1,0.936530306
England,2016,63,0.01054,0.00688,0.00863103,912.0570518,2015,2017,892.9688106,0,0.892968811
England,2016,63,0.01054,0.00688,0.00863103,912.0570518,2015,2017,930.6486918,1,0.930648692
England,2016,64,0.01149,0.007326667,0.009324863,904.2188858,2015,2017,883.60626,0,0.88360626
England,2016,64,0.01149,0.007326667,0.009324863,904.2188858,2015,2017,924.2677791,1,0.924267779
England,2016,65,0.01226,0.007883333,0.009996677,895.8262981,2015,2017,873.5116177,0,0.873511618
England,2016,65,0.01226,0.007883333,0.009996677,895.8262981,2015,2017,917.520694,1,0.917520694
England,2016,66,0.013533333,0.008886667,0.011147153,886.9155512,2015,2017,862.8676131,0,0.862867613
England,2016,66,0.013533333,0.008886667,0.011147153,886.9155512,2015,2017,910.3159712,1,0.910315971
England,2016,67,0.01468,0.009643333,0.012105453,877.0837658,2015,2017,851.2686245,0,0.851268625
England,2016,67,0.01468,0.009643333,0.012105453,877.0837658,2015,2017,902.2620827,1,0.902262083
England,2016,68,0.015913333,0.010503333,0.013149827,866.5301473,2015,2017,838.863058,0,0.838863058
England,2016,68,0.015913333,0.010503333,0.013149827,866.5301473,2015,2017,893.6030198,1,0.89360302
England,2016,69,0.01743,0.011613333,0.01443879,855.209856,2015,2017,825.6193265,0,0.825619326
England,2016,69,0.01743,0.011613333,0.01443879,855.209856,2015,2017,884.266243,1,0.884266243
England,2016,70,0.019013333,0.012756667,0.015751347,842.950168,2015,2017,811.3531117,0,0.811353112
England,2016,70,0.019013333,0.012756667,0.015751347,842.950168,2015,2017,874.0562504,1,0.87405625
England,2016,71,0.021383333,0.014236667,0.017607863,829.7763206,2015,2017,796.0718583,0,0.796071858
England,2016,71,0.021383333,0.014236667,0.017607863,829.7763206,2015,2017,862.9768741,1,0.862976874
England,2016,72,0.023903333,0.01606,0.019725197,815.2932406,2015,2017,779.2292638,0,0.779229264
England,2016,72,0.023903333,0.01606,0.019725197,815.2932406,2015,2017,850.7777971,1,0.850777797
England,2016,73,0.026523333,0.018196667,0.022070053,799.3684806,2015,2017,760.8230716,0,0.760823072
England,2016,73,0.026523333,0.018196667,0.022070053,799.3684806,2015,2017,837.2231495,1,0.83722315
England,2016,74,0.02979,0.01975,0.024411983,781.9189319,2015,2017,740.9076198,0,0.74090762
England,2016,74,0.02979,0.01975,0.024411983,781.9189319,2015,2017,822.1258393,1,0.822125839
England,2016,75,0.03327,0.022346667,0.0274281,763.0609207,2015,2017,719.1599139,0,0.719159914
England,2016,75,0.03327,0.022346667,0.0274281,763.0609207,2015,2017,806.0476263,1,0.806047626
England,2016,76,0.036913333,0.025693333,0.03093307,742.414752,2015,2017,695.6249674,0,0.695624967
England,2016,76,0.036913333,0.025693333,0.03093307,742.414752,2015,2017,788.2341843,1,0.788234184
England,2016,77,0.040753333,0.027863333,0.033868627,719.7993662,2015,2017,670.4124697,0,0.67041247
England,2016,77,0.040753333,0.027863333,0.033868627,719.7993662,2015,2017,768.238696,1,0.768238696
England,2016,78,0.045046667,0.031846667,0.037932903,695.8267106,2015,2017,643.6365313,0,0.643636531
England,2016,78,0.045046667,0.031846667,0.037932903,695.8267106,2015,2017,747.1271245,1,0.747127124
England,2016,79,0.050353333,0.03516,0.042067357,669.9232795,2015,2017,615.2815008,0,0.615281501
England,2016,79,0.050353333,0.03516,0.042067357,669.9232795,2015,2017,723.7065496,1,0.72370655
England,2016,80,0.056846667,0.04053,0.047835367,642.3219357,2015,2017,585.0608808,0,0.585060881
England,2016,80,0.056846667,0.04053,0.047835367,642.3219357,2015,2017,698.7006314,1,0.698700631
England,2016,81,0.063266667,0.045586667,0.0533886,612.3139518,2015,2017,552.7213181,0,0.552721318
England,2016,81,0.063266667,0.045586667,0.0533886,612.3139518,2015,2017,670.9447674,1,0.670944767
England,2016,82,0.071596667,0.052233333,0.060642633,580.4733303,2015,2017,518.8247443,0,0.518824744
England,2016,82,0.071596667,0.052233333,0.060642633,580.4733303,2015,2017,641.0402554,1,0.641040255
England,2016,83,0.081306667,0.0599,0.06903011,546.3078416,2015,2017,482.962433,0,0.482962433
England,2016,83,0.081306667,0.0599,0.06903011,546.3078416,2015,2017,608.4088106,1,0.608408811
England,2016,84,0.09113,0.068706667,0.07805195,509.8543456,2015,2017,445.2283824,0,0.445228382
England,2016,84,0.09113,0.068706667,0.07805195,509.8543456,2015,2017,573.0248719,1,0.573024872
England,2016,85,0.10251,0.077843333,0.087832057,471.5539307,2015,2017,406.4228921,0,0.406422892
England,2016,85,0.10251,0.077843333,0.087832057,471.5539307,2015,2017,534.9618352,1,0.534961835
England,2016,86,0.11481,0.08891,0.099090223,431.8787553,2015,2017,366.7917743,0,0.366791774
England,2016,86,0.11481,0.08891,0.099090223,431.8787553,2015,2017,494.8787242,1,0.494878724
England,2016,87,0.1291,0.100556667,0.111476493,391.1039836,2015,2017,326.9665762,0,0.326966576
England,2016,87,0.1291,0.100556667,0.111476493,391.1039836,2015,2017,452.7518089,1,0.452751809
England,2016,88,0.14667,0.114933333,0.12672905,349.8069095,2015,2017,287.3147186,0,0.287314719
England,2016,88,0.14667,0.114933333,0.12672905,349.8069095,2015,2017,409.4040492,1,0.409404049
England,2016,89,0.16351334,0.130260003,0.14222777,308.1178214,2015,2017,248.053491,0,0.248053491
England,2016,89,0.16351334,0.130260003,0.14222777,308.1178214,2015,2017,364.9069757,1,0.364906976
England,2016,90,0.188570003,0.14921,0.162814337,267.2044216,2015,2017,210.5588714,0,0.210558871
England,2016,90,0.188570003,0.14921,0.162814337,267.2044216,2015,2017,320.2807011,1,0.320280701